layer,max_diff,mean_diff,rel_diff,pass
GCNLayer,2.384185791015625e-07,4.315516122233021e-08,1.1415115608315318e-07,True
SAGELayer-Mean,4.76837158203125e-07,7.742394814158615e-08,6.103259408973827e-08,True
SAGELayer-Max,4.76837158203125e-07,1.2516974834397843e-07,6.240335181928458e-08,True
GATLayer,1.7881393432617188e-07,4.898174665868282e-08,1.1341778360929311e-07,True
