layer,max_diff,mean_diff,rel_diff,pass
GCNLayer,1.7881393432617188e-07,4.645747608833517e-08,1.2288622031064733e-07,True
SAGELayer-Mean,4.76837158203125e-07,7.531295409535232e-08,5.936851721344283e-08,True
GATLayer,3.5762786865234375e-07,6.446304467999653e-08,1.4926490621292032e-07,True
